{"cameraMode":{"drawMode":0,"name":"Shaded","section":"Shading Mode"},"sceneLighting":true,"audioPlay":false,"sceneViewState":{"showFog":true,"showMaterialUpdate":false,"showSkybox":true,"showFlares":true,"showImageEffects":true,"showParticleSystems":true},"in2DMode":false,"pivot":{"x":-0.5410768985748291,"y":0.24352985620498658,"z":-0.181043803691864},"rotation":{"x":-0.04658875986933708,"y":0.6752164363861084,"z":-0.04280500486493111,"w":-0.7349018454551697},"size":1.7660253047943116,"orthographic":false}