{"cameraMode":{"drawMode":0,"name":"Shaded","section":"Shading Mode"},"sceneLighting":true,"audioPlay":false,"sceneViewState":{"showFog":true,"showMaterialUpdate":false,"showSkybox":true,"showFlares":true,"showImageEffects":true,"showParticleSystems":true},"in2DMode":false,"pivot":{"x":1.6357225179672242,"y":0.6440626978874207,"z":-0.6890963315963745},"rotation":{"x":0.033561620861291888,"y":-0.7949827909469605,"z":0.04416700080037117,"w":0.6040933728218079},"size":0.8325766921043396,"orthographic":false}