{"cameraMode":{"drawMode":0,"name":"Shaded","section":"Shading Mode"},"sceneLighting":true,"audioPlay":false,"sceneViewState":{"showFog":true,"showMaterialUpdate":false,"showSkybox":true,"showFlares":true,"showImageEffects":true,"showParticleSystems":true},"in2DMode":false,"pivot":{"x":-0.07000000774860382,"y":0.5900000333786011,"z":-3.240000009536743},"rotation":{"x":-0.052384406328201297,"y":0.9302017688751221,"z":-0.14659544825553895,"w":-0.33239877223968508},"size":4.908712387084961,"orthographic":false}