{"cameraMode":{"drawMode":0,"name":"Shaded","section":"Shading Mode"},"sceneLighting":true,"audioPlay":false,"sceneViewState":{"showFog":true,"showMaterialUpdate":false,"showSkybox":true,"showFlares":true,"showImageEffects":true,"showParticleSystems":true},"in2DMode":false,"pivot":{"x":2.2695250511169435,"y":2.209561824798584,"z":-0.9838428497314453},"rotation":{"x":0.19507458806037904,"y":0.1261294186115265,"z":-0.025305038318037988,"w":0.9723172187805176},"size":7.037116050720215,"orthographic":false}